{
  "top_escalation_customers": {
    "cust_46": 0.9865738622551179,
    "cust_29": 0.9147872660765575,
    "cust_31": 0.8921309145118832,
    "cust_35": 0.8422766582470803,
    "cust_15": 0.820491573983936
  },
  "agent_escalation_rates": {
    "agent_0": 0.3561716797379622,
    "agent_1": 0.6145069289948185,
    "agent_2": 0.4558092740209007,
    "agent_3": 0.27291346113671616,
    "agent_4": 0.5058864249131935,
    "agent_5": 0.6173940137065876,
    "agent_6": 0.5814550437397176,
    "agent_7": 0.3118405854997511,
    "agent_8": 0.30159116985516266,
    "agent_9": 0.5321344801544364
  },
  "sentiment_distribution": {
    "neutral": 63,
    "negative": 39
  }
}